cell_id,y_true,y_pred,correct
Pan_T7935491_CATGACAGTGTGTGCC,macrophage,macrophage.,0
Pan_T7935493_CTAACTTAGACAAGCC,"naive thymus-derived CD4-positive, alpha-beta T cell","CD4-positive, alpha-beta T cell.",0
Pan_T7935491_CTGATAGGTGCCTTGG,macrophage,macrophage.,0
Pan_T7935491_AGTGGGACATGCGCAC,CD4-positive helper T cell,"CD8-positive, alpha-beta T cell.",0
Pan_T7935494_AACGTTGGTTCTCATT,memory B cell,B cell.,0
Pan_T7935494_ATAACGCGTCAGCTAT,regulatory T cell,"CD4-positive, alpha-beta memory T cell.",0
Pan_T7935495_AGTGTCAGTGTCAATC,animal cell,"CD14-positive, CD16-negative classical monocyte.",0
Pan_T7935493_CTGATAGAGACTAGAT,"naive thymus-derived CD8-positive, alpha-beta T cell","CD8-positive, alpha-beta T cell.",0
Pan_T7935497_ACCCACTTCCCTAATT,"CD8-positive, alpha-beta memory T cell, CD45RO-positive","CD8-positive, alpha-beta T cell.",0
Pan_T7935492_AGCGTCGTCGCTTGTC,"effector memory CD4-positive, alpha-beta T cell","CD8-positive, alpha-beta T cell.",0
Pan_T7935492_TTCTCAACAGTCCTTC,macrophage,classical monocyte.,0
Pan_T7935493_CGTCAGGCATTGGCGC,naive B cell,B cell.,0
Pan_T7935493_GTTTCTAAGCAGGCTA,"naive thymus-derived CD4-positive, alpha-beta T cell","naive thymus-derived CD4-positive, alpha-beta T cell.",0
Pan_T7935493_GATGAGGTCTGAAAGA,"naive thymus-derived CD4-positive, alpha-beta T cell","CD4-positive, alpha-beta T cell.",0
Pan_T7935492_CTGCCTACAAAGGAAG,macrophage,elicited macrophage.,0
Pan_T7935492_AACTGGTTCCTCGCAT,alveolar macrophage,monocyte.,0
Pan_T7935497_AGTTGGTCACTGAAGG,classical monocyte,classical monocyte.,0
Pan_T7935492_TCGGTAAGTCGACTAT,alveolar macrophage,macrophage.,0
Pan_T7935487_CATGGCGGTGTGCCTG,plasma cell,IgA plasma cell.,0
Pan_T7935497_CAACTAGTCTTGCCGT,non-classical monocyte,monocyte.,0
Pan_T7935495_AACTCCCCAGATAATG,"effector memory CD8-positive, alpha-beta T cell, terminally differentiated","CD8-positive, alpha-beta T cell.",0
Pan_T7935492_AGCTTGACACCGAAAG,alveolar macrophage,macrophage.,0
Pan_T7935493_CTGCGGAGTTGTCGCG,"naive thymus-derived CD4-positive, alpha-beta T cell","CD4-positive, alpha-beta T cell.",0
Pan_T7935491_CATGGCGGTCGCCATG,memory B cell,memory B cell.,0
